{
  "HTTP Request-GET" : {
    "transaction" : "HTTP Request-GET",
    "sampleCount" : 12,
    "errorCount" : 0,
    "errorPct" : 0.0,
    "meanResTime" : 1023.5,
    "medianResTime" : 609.0,
    "minResTime" : 209.0,
    "maxResTime" : 2513.0,
    "pct1ResTime" : 2500.4,
    "pct2ResTime" : 2513.0,
    "pct3ResTime" : 2513.0,
    "throughput" : 2.744111593871484,
    "receivedKBytesPerSec" : 5.0478432997941916,
    "sentKBytesPerSec" : 0.4341270294991996
  },
  "Total" : {
    "transaction" : "Total",
    "sampleCount" : 48,
    "errorCount" : 0,
    "errorPct" : 0.0,
    "meanResTime" : 527.0208333333334,
    "medianResTime" : 362.5,
    "minResTime" : 209.0,
    "maxResTime" : 2513.0,
    "pct1ResTime" : 1270.5000000000007,
    "pct2ResTime" : 2282.8999999999987,
    "pct3ResTime" : 2513.0,
    "throughput" : 8.88724310312905,
    "receivedKBytesPerSec" : 9.63634483197556,
    "sentKBytesPerSec" : 1.6772067672653213
  },
  "HTTP Request-DELETE" : {
    "transaction" : "HTTP Request-DELETE",
    "sampleCount" : 12,
    "errorCount" : 0,
    "errorPct" : 0.0,
    "meanResTime" : 347.75,
    "medianResTime" : 345.0,
    "minResTime" : 337.0,
    "maxResTime" : 372.0,
    "pct1ResTime" : 367.5,
    "pct2ResTime" : 372.0,
    "pct3ResTime" : 372.0,
    "throughput" : 5.668398677373642,
    "receivedKBytesPerSec" : 4.25037641709967,
    "sentKBytesPerSec" : 0.9908626594237128
  },
  "HTTP Request-POST" : {
    "transaction" : "HTTP Request-POST",
    "sampleCount" : 12,
    "errorCount" : 0,
    "errorPct" : 0.0,
    "meanResTime" : 376.0,
    "medianResTime" : 386.5,
    "minResTime" : 330.0,
    "maxResTime" : 394.0,
    "pct1ResTime" : 394.0,
    "pct2ResTime" : 394.0,
    "pct3ResTime" : 394.0,
    "throughput" : 5.461993627674101,
    "receivedKBytesPerSec" : 4.79569085685025,
    "sentKBytesPerSec" : 1.138804335457442
  },
  "HTTP Request-PUT" : {
    "transaction" : "HTTP Request-PUT",
    "sampleCount" : 12,
    "errorCount" : 0,
    "errorPct" : 0.0,
    "meanResTime" : 360.8333333333333,
    "medianResTime" : 369.0,
    "minResTime" : 332.0,
    "maxResTime" : 387.0,
    "pct1ResTime" : 385.2,
    "pct2ResTime" : 387.0,
    "pct3ResTime" : 387.0,
    "throughput" : 5.563282336578581,
    "receivedKBytesPerSec" : 4.838896615669912,
    "sentKBytesPerSec" : 1.1870871001390821
  }
}